rollout_index,global_step,reward_per_rollout,NightMinutes_per_rollout,OverCapMinutes_per_rollout,reward_per_step,NightMinutes_per_step,OverCapMinutes_per_step,policy_entropy,lambda1,lambda2,completed_episodes,selected_checkpoint_step
1,2048,1735.584662961452,618.1805701408878,89.79738660817745,0.8474534487116465,0.30184598151410535,0.043846380179774144,5.883342851186171,0.0,0.47303543877694676,20,321536
2,4096,1737.7902817821325,503.74729276555223,163.56686145671404,0.8485304110264319,0.2459703577956798,0.07986663157066115,5.830141643760726,0.0,1.5227164639732709,21,321536
3,6144,1663.880238227448,579.634974760658,92.59603542159465,0.8124415225719961,0.28302489001985254,0.04521290792070051,5.786345975706354,0.0,1.9788898137613797,23,321536
4,8192,1688.4523017936822,720.5022986412494,124.35147159512104,0.8244396004851964,0.35180776300842254,0.060718491989805196,5.770794233540073,0.0,2.738251115933895,21,321536
5,10240,1742.9453044914073,621.7635204158998,125.96724532494082,0.851047511958695,0.3035954689530761,0.06150744400631876,5.7521210899576545,0.0,3.4561119503103033,22,321536
6,12288,1748.4431666853245,768.3369547370694,134.57506431226167,0.8537320149830686,0.37516452868020966,0.06571048062122152,5.725551032694057,0.0,4.2228549259657235,22,321536
7,14336,1809.6048606454838,578.2518064874886,140.0289809422937,0.8835961233620526,0.28234951488646903,0.06837352585072935,5.697702663484961,0.0,5.1049930211057415,22,321536
8,16384,1689.351034511682,579.070887161218,102.30696615165104,0.8248784348201572,0.2827494566216885,0.04995457331623586,5.68417989788577,0.0,5.610117922452287,22,321536
9,18432,1738.6318320241382,640.0606031071461,124.91885393444306,0.8489413242305363,0.3125295913609112,0.06099553414767728,5.631958961253986,0.0,6.3208054400060325,22,321536
10,20480,1686.6836432747139,519.8725702427042,132.53896942849988,0.8235759976927314,0.2538440284388204,0.06471629366625971,5.604356597177684,0.0,7.291014059316993,19,321536
11,22528,1703.6447584370123,497.33578604586194,47.220987318759825,0.8318577922055724,0.24283973928020602,0.023057122714238196,5.592137968633324,0.0,7.276692913044859,23,321536
12,24576,1701.3642787427477,578.5460767416391,99.2505605938995,0.8307442767298573,0.2824932015340035,0.04846218778998999,5.558462994173169,0.0,7.844260091679026,20,321536
13,26624,1717.9815490769781,620.8390567205033,93.6085567376243,0.8388581782602432,0.30314407066430826,0.045707303094543114,5.5446929631289095,0.0,8.31083172854205,21,321536
14,28672,1659.0542909714063,632.7557789240393,147.20703570754767,0.810085103013382,0.30896278267775357,0.07187843540407601,5.540273676859215,0.0,9.521527031321085,18,321536
15,30720,1650.41080730755,615.8231914382015,74.2513168754871,0.8058646520056396,0.30069491769443435,0.03625552581810894,5.523946182569489,0.0,9.699160631543345,24,321536
16,32768,1672.5482844136386,578.8282214660233,67.89329418997556,0.816673966998847,0.28263096751270667,0.033151022553699006,5.490499311126769,0.0,9.901079811157127,22,321536
17,34816,1626.4459660142543,640.3127993205314,43.98797926114228,0.7941630693428976,0.31265273404322824,0.021478505498604628,5.452907932223752,0.0,9.924837486475372,20,321536
18,36864,1697.1657310469693,612.5395303352827,104.75244226867375,0.828694204612778,0.2990915675465248,0.05114865345150085,5.452562738675624,0.0,10.215392848028584,22,321536
19,38912,1637.2653246535735,537.6188234032201,109.20031537373993,0.7994459593035027,0.26250919111485355,0.05332046649108395,5.440203131409362,0.0,11.14293882940405,20,321536
20,40960,1703.0673254589344,573.7994688010326,63.74056412647579,0.8315758425092453,0.2801755218755042,0.031123322327380756,5.423549004364759,0.0,11.236920196750363,24,321536
21,43008,1603.429919462318,610.6881526853273,103.40323348495686,0.7829247653624599,0.29818757455338246,0.05048986010007659,5.412492998177186,0.0,11.76537651720277,22,321536
22,45056,1697.726100041127,581.9953134450267,125.97813862898492,0.8289678222857065,0.28417739914307943,0.061512763002434044,5.413323329994455,0.0,12.60021947618779,20,321536
23,47104,1659.1097550201928,717.7443249609403,83.25750433910332,0.8101121850684535,0.3504610961723341,0.04065307829057779,5.406346234958619,0.0,12.93216745196572,22,321536
24,49152,1679.2035216690301,527.4079989052711,106.9997262190283,0.8199235945649561,0.2575234369654644,0.052245960067884914,5.408808032749221,0.0,13.443809192973646,22,321536
25,51200,1585.8757968786167,521.3400609173241,118.053922984355,0.7743534164446371,0.25456057661978715,0.05764351708220459,5.37372430274263,0.0,14.079999728181692,23,321536
26,53248,1702.7233823947859,669.1707096654293,53.00608402087728,0.831407901559954,0.3267435105788229,0.025881876963318985,5.3496857427526265,0.0,14.115983770623624,23,321536
27,55296,1669.197703203407,632.4957889912782,65.49493617954363,0.8150379410172885,0.3088358344683976,0.03197994930641779,5.326312609482557,0.0,14.230251215619594,24,321536
28,57344,1742.9103826147282,619.0067818587934,89.52622494537394,0.8510304602610977,0.30224940520448895,0.04371397702410837,5.329591968329623,0.0,14.626371483304053,22,321536
29,59392,1714.5497829971896,645.1019319116104,138.80634003136188,0.8371825112290965,0.31499117769121604,0.06777653321843842,5.3117830257397145,0.0,15.662552424750404,19,321536
30,61440,1715.253692582642,562.0686126372927,112.13242318552514,0.8375262170813682,0.2744475647643031,0.0547521597585572,5.3233148565050215,0.0,16.212678546884923,23,321536
31,63488,1677.0808768854158,614.9297571960477,127.01997497958759,0.8188871469167069,0.3002586705058827,0.06202147215800175,5.31478660274297,0.0,16.99745416700474,21,321536
32,65536,1669.1541616431211,641.038853385295,144.8699229681877,0.8150166804898052,0.3130072526295386,0.0707372670743104,5.325968800811097,0.0,17.95222929177789,21,321536
33,67584,1633.5598075407577,671.9866961066641,84.2662191388058,0.7976366247757606,0.3281185039583321,0.04114561481387002,5.318414145149291,0.0,18.26004059611485,23,321536
34,69632,1633.9263185716877,645.8945077722287,60.8151320488047,0.7978155852400819,0.31537817762315856,0.02969488869570542,5.314348357496783,0.0,18.40017305891831,21,321536
35,71680,1715.626505770459,600.9160436733841,112.41004897412292,0.837708254770732,0.2934160369498946,0.054887719225645955,5.307276286184788,0.0,19.059927370294982,21,321536
36,73728,1717.2317032592032,572.0604376545896,111.94441440286828,0.8384920426070328,0.27932638557353007,0.054660358595150525,5.3002238816116005,0.0,19.652665437561684,22,321536
37,75776,1710.204483891462,610.1885968416304,91.98573047397727,0.8350607831501279,0.29794365080157736,0.044914907457996714,5.283868114463985,0.0,20.081901046732032,21,321536
38,77824,1691.0538969763854,629.0294750274543,136.53160700688858,0.8257099106330007,0.30714329835324916,0.06666582373383231,5.2559182294644415,0.0,21.04064934311741,20,321536
39,79872,1555.2127660455212,548.4720670082067,69.41613114811133,0.7593812334206647,0.26780862646885095,0.03389459528716374,5.269078898942098,0.0,21.22333284998704,23,321536
40,81920,1709.1764688039937,637.9266057506304,107.34339846482119,0.8345588226582,0.311487600464175,0.05241376878165097,5.2802720866166055,0.0,21.657141610400785,25,321536
41,83968,1683.1669317366618,596.5064724770027,86.85754269540122,0.8218588533870419,0.2912629260141615,0.04241090951923888,5.2827736276667565,0.0,22.021817207599604,22,321536
42,86016,1700.5149887423552,617.0490124501869,108.53743646128821,0.8303295843468531,0.3012934631104428,0.05299679514711338,5.273032270371914,0.0,22.540682575610326,23,321536
43,88064,1673.5470150233718,695.7017884302534,100.8974643538959,0.8171616284293808,0.33969813888195965,0.04926634001655073,5.285791324218735,0.0,22.999025943755704,22,321536
44,90112,1628.3123070954368,646.9744083821113,97.96995041785478,0.7950743686989438,0.3159054728428278,0.04783688985246815,5.276355796027929,0.0,23.542720061900667,21,321536
45,92160,1640.9842448353245,587.3547554396688,97.81207737211109,0.8012618382984983,0.2867943141795258,0.04775980340435112,5.272272590314969,0.0,24.008703811534314,21,321536
46,94208,1642.4925628352278,569.3096976094947,64.47540319155364,0.8019983216968886,0.2779832507858861,0.0314821304646258,5.2642345514614135,0.0,24.228372268540504,21,321536
47,96256,1616.9986062435325,617.5660001681586,120.49353253789333,0.7895501007048499,0.30154589851960867,0.05883473268451823,5.24222311633639,0.0,24.883672007686567,21,321536
48,98304,1710.686605955551,641.1551582076493,98.0753616366879,0.8352961943142339,0.31306404209357874,0.047888360174164014,5.220547228120267,0.0,25.38221893542266,23,321536
49,100352,1676.6840461515346,588.2257199308062,124.52014331165537,0.818693381909929,0.287219589809964,0.060800851226394226,5.202555817551911,0.0,26.081493875049105,21,321536
50,102400,1630.5723700496828,544.4301766746747,70.75986415966833,0.7961779150633217,0.265835047204431,0.03455071492171305,5.201627102214843,0.0,26.328186786383757,23,321536
51,104448,1760.0121419369839,621.580949245754,94.98348165770241,0.8593809286801679,0.30350632287390333,0.046378653153175006,5.2059459099546075,0.0,26.644563596660962,25,321536
52,106496,1680.9961513642704,540.1086028438979,58.80528579558968,0.8207989020333352,0.263724903732372,0.028713518454877775,5.197340438142419,0.0,26.72899485898562,24,321536
53,108544,1698.9380580838567,683.4818622960341,95.06674974854081,0.8295595986737582,0.3337313780742354,0.046419311400654695,5.1788619752041996,0.0,27.130723820798536,23,321536
54,110592,1722.7459990665861,594.4139096305041,95.11693637529923,0.8411845698567315,0.2902411668117696,0.04644381658950158,5.164485818240792,0.0,27.532889188061528,23,321536
55,112640,1707.31278896737,663.8260877533316,112.76108105459359,0.8336488227379736,0.32413383191080647,0.055059121608688276,5.150232870364562,0.0,28.041632930691108,23,321536
56,114688,1609.1374404516637,477.80688432107604,69.11992149536583,0.7857116408455389,0.2333041427349004,0.0337499616676591,5.169835759792477,0.0,28.294035894363574,22,321536
57,116736,1666.2745350799032,618.8127170605745,94.80325399120946,0.813610612831984,0.30215464700223366,0.046290651362895244,5.120318959699944,0.0,28.849193037959733,19,321536
58,118784,1726.1548074852437,708.9960440964186,117.53114765613265,0.8428490270924042,0.3461894746564544,0.05738825569147102,5.130431598518044,0.0,29.508121178034436,22,321536
59,120832,1736.9801891929412,699.1071753764168,117.45440727251469,0.8481348580043658,0.341360925476766,0.05735078480103256,5.133473386056721,0.0,30.20572108554499,20,321536
60,122880,1657.3528313290037,610.5138948376327,75.77076031597818,0.8092543121723651,0.29810248771368786,0.03699744156053622,5.118032768834382,0.0,30.331763245088087,22,321536
61,124928,1720.97619566872,582.3568966507523,100.94329850745177,0.8403204080413672,0.28435395344275016,0.049288719974341685,5.086851958418265,0.0,31.11989249839461,20,321536
62,126976,1702.8318868684107,676.6584298923872,55.61905996610297,0.8314608822599662,0.3303996239708922,0.027157744124073714,5.142837573541328,0.0,31.113508479457284,24,321536
63,129024,1741.1130204482035,710.1916226203846,93.12600685607597,0.8501528420157244,0.34677325323260966,0.04547168303519335,5.152529392391443,0.0,31.524785217088834,23,321536
64,131072,1701.2797809451904,644.0988486172064,74.23438566495595,0.8307030180396437,0.3145013909263703,0.03624725862546677,5.12595927179791,0.0,31.796102967196287,22,321536
65,133120,1723.1518431995576,665.4186877956809,81.95276304278573,0.841382735937284,0.3249114686502348,0.04001599757948522,5.139424667460844,0.0,32.13071095131912,21,321536
66,135168,1770.1525896104563,593.8816190445391,110.12812737459137,0.8643323191457306,0.28998125929909135,0.053773499694624693,5.136791007127613,0.0,32.816433686296605,20,321536
67,137216,1709.6836645191447,533.2198697936485,97.44970722847458,0.8348064768159886,0.26036126454767994,0.0475828648576536,5.133860956178978,0.0,33.21409616080608,24,321536
68,139264,1670.6779714085599,542.4943411739903,76.18741358643604,0.8157607282268359,0.26488981502636244,0.03720088554025197,5.139822592958808,0.0,33.481770584287034,22,321536
69,141312,1681.8700878172635,663.3916456135071,61.82119256600117,0.8212256288170232,0.32392170195972025,0.03018612918261776,5.135690294904634,0.0,33.59440774451265,23,321536
70,143360,1681.631968288185,541.2008409604853,77.47890573778079,0.8211093595157153,0.26425822312523695,0.03783149694227578,5.106571417301893,0.0,33.84319893231896,23,321536
71,145408,1640.8255167547263,561.7801918135765,87.81953078247858,0.8011843343528937,0.2743067342839729,0.04288063026488212,5.098051106324419,0.0,34.254636988656785,21,321536
72,147456,1705.8439518526502,582.7574359128744,142.62749293268362,0.8329316171155519,0.2845495292543332,0.06964233053353693,5.108993875794113,0.0,35.126312133467266,22,321536
73,149504,1688.3834296422897,543.8901607026047,105.00468227453513,0.8244059715050243,0.2655713675305687,0.051271817516862855,5.107769636437297,0.0,35.64378803767641,21,321536
74,151552,1624.0786702329244,563.2596637553929,35.37498429760067,0.7930071631996701,0.27502913269306295,0.017272941551562827,5.111546836793423,0.0,35.61338448430653,21,321536
75,153600,1657.402757241102,588.7502452722589,102.18651029562034,0.8092786900591319,0.28747570569934516,0.04989575698028337,5.0766169528942555,0.0,36.0770244073984,23,321536
76,155648,1625.1159457849858,576.9744571403994,38.911745210089634,0.7935136454028251,0.28172580915058565,0.01899987559086408,5.063345303293318,0.0,35.99044898192044,23,321536
77,157696,1676.0196390321244,650.9409977634211,74.80453002555103,0.8183689643711545,0.3178422840641705,0.03652564942653859,5.053661983925849,0.0,36.19870370819452,23,321536
78,159744,1622.1229822279806,581.3725448768009,72.4658863186211,0.7920522374160062,0.28387331292812545,0.03538373355401421,5.025614881655201,0.0,36.27820672023288,21,321536
79,161792,1651.7343533384162,640.0938131201121,118.51957569296454,0.8065109147160235,0.31254580718755476,0.05787088656883034,5.074121113400906,0.0,37.01998852829911,24,321536
80,163840,1682.5625494017363,643.630083744812,120.70645010614786,0.8215637448250666,0.3142725018285215,0.05893869634089251,5.103704867884517,0.0,37.69238146559562,22,321536
81,165888,1716.4321376912565,621.1470514297773,68.64840220477846,0.8381016297320588,0.30329445870594596,0.033519727639051984,5.103638253873214,0.0,37.864385666158434,23,321536
82,167936,1636.0347198493487,584.6203265741553,52.981287107654374,0.7988450780514398,0.2854591438350368,0.025869769095534362,5.104912752751261,0.0,37.94403092559317,21,321536
83,169984,1675.4054207690524,517.6133425124343,69.15302546129641,0.8180690531098889,0.25274088989864957,0.03376612571352364,5.104130668798462,0.0,38.09536771046581,24,321536
84,172032,1612.8814023941015,588.6988280020096,116.7209637656098,0.7875397472627449,0.28745059961035624,0.05699265808867666,5.112563225906342,0.0,38.56609243158172,24,321536
85,174080,1608.2462101728265,478.856160870135,60.91632867531793,0.7852764698109505,0.2338164847998706,0.029744301110995082,5.111970494966954,0.0,38.778951410008155,22,321536
86,176128,1719.4747941895544,559.2116630386892,48.95083792192319,0.8395873018503683,0.27305256984310994,0.023901776329064057,5.126325663877651,0.0,38.79902060017535,22,321536
87,178176,1678.8707071144431,626.5865450267131,62.83653859908297,0.8197610874582242,0.30595046143882476,0.030681903612833482,5.103882346767932,0.0,38.852247708344954,23,321536
88,180224,1554.2628981686485,555.6933766883296,95.20928686484834,0.7589174307464104,0.27133465658609845,0.04648890960197673,5.10727673349902,0.0,39.425946986255234,20,321536
89,182272,1666.5165492059966,582.2784375467746,87.71262938702702,0.8137287837919905,0.28431564333338605,0.04282843231788429,5.112019304186106,0.0,39.75855562353281,24,321536
90,184320,1675.8079891830187,611.8042641329728,74.36245910032603,0.8182656197182708,0.2987325508461781,0.03630979448258107,5.118477902607992,0.0,40.00963955168549,22,321536
91,186368,1659.3340257588106,609.790912665238,135.32474340900734,0.8102216922650443,0.29774946907482325,0.06607653486767937,5.1096198139712214,0.0,40.87350820446645,21,321536
92,188416,1655.83820959233,580.9945999652314,39.61570851323228,0.8085147507775049,0.28368876951427313,0.019343607672476698,5.118473191745579,0.0,40.8258622391924,21,321536
93,190464,1723.9878981775148,645.2581267738269,110.29475383109941,0.8417909659069897,0.3150674447137827,0.05385486026909151,5.073468929622322,0.0,41.28328184253637,25,321536
94,192512,1662.5560104996403,633.8081485002938,88.07308904094613,0.8117949270017775,0.3094766350099091,0.04300443800827448,5.053637753240764,0.0,41.65900786105832,22,321536
95,194560,1644.1813360642345,596.975194398229,59.468514114611494,0.8028229180001145,0.29149179413976023,0.029037360407525144,5.05236128042452,0.0,41.709817546670386,25,321536
96,196608,1754.993162164035,682.3868064057826,127.54109179067235,0.8569302549629078,0.33319668281532355,0.062275923725914235,5.063485235907137,0.0,42.44434359018985,22,321536
97,198656,1720.3656411388358,700.1296783058106,117.30545686610905,0.8400222857123222,0.34186019448525906,0.05727805511040481,5.081024996936321,0.0,43.0715247415814,22,321536
98,200704,1642.8676117231987,613.6688992073595,51.87196079771306,0.8021814510367181,0.2996430171910935,0.02532810585825833,5.076249923557043,0.0,43.057696037409045,26,321536
99,202752,1648.6866476697978,601.7517675883525,87.68274122730405,0.8050227771825185,0.29382410526775027,0.042813838489894555,5.08632436580956,0.0,43.26070837862907,23,321536
100,204800,1651.8605407507134,617.8658785171615,96.65569517242378,0.8065725296634343,0.30169232349470776,0.04719516365841005,5.067397250328213,0.0,43.810762108014416,23,321536
101,206848,1656.2569951962685,648.1243576241968,117.36506592433916,0.808719235935678,0.31646697149618985,0.05730716109586873,5.060287616448477,0.0,44.54601003565043,20,321536
102,208896,1639.5914931757077,490.1773887276492,70.31757440674997,0.800581783777201,0.23934442808967246,0.03433475312829588,5.061999678611755,0.0,44.77256256140928,22,321536
103,210944,1699.244895678496,532.1540141120361,113.41022298050369,0.8297094217180156,0.2598408272031426,0.05537608543969907,5.04236204107292,0.0,45.34244610445352,21,321536
104,212992,1658.790514370347,571.3731049843104,120.85341294660927,0.809956305844896,0.2789907739181203,0.05901045554033656,5.041767452144995,0.0,45.93108019307271,22,321536
105,215040,1661.9779358886751,602.1893785970254,68.52031769943304,0.8115126640081421,0.2940377825180788,0.03345718637667629,5.037855681730434,0.0,46.333138622798856,21,321536
106,217088,1760.1742426459539,587.6928331335282,94.74545917020598,0.8594600794169697,0.28695939117848057,0.04626243123545214,5.035807894542813,0.0,46.85565478719609,20,321536
107,219136,1695.916382986201,576.1846355750065,66.34354717325442,0.8280841713799809,0.28134015408935864,0.032394310143190636,5.026026310632005,0.0,47.001068008701395,21,321536
108,221184,1621.0825682555062,512.8992552109491,41.39548323060306,0.7915442227810089,0.25043908945847126,0.0202126382961929,5.0467704308684915,0.0,46.944222714310364,26,321536
109,223232,1642.270826690067,691.6640777290759,100.67361333777853,0.8018900520947593,0.3377266004536503,0.049157037762587175,5.037595880450681,0.0,47.57900653266636,19,321536
110,225280,1733.550341992929,601.7399465992326,57.10031008366487,0.8464601279262348,0.2938183333004065,0.02788101078303949,5.030481145251542,0.0,47.59888094966121,23,321536
111,227328,1678.880829425905,581.3235928230581,93.09041576780308,0.8197660299931177,0.28384941055813384,0.0454543045741226,5.021525313844904,0.0,47.84771424985889,25,321536
112,229376,1671.7757969775273,613.0490990329806,66.21086250160411,0.8162967758679333,0.29934038038719757,0.03232952270586138,5.00760764349252,0.0,48.12735534708272,23,321536
113,231424,1715.8134517671456,649.3469783983049,63.67675014680429,0.8377995369956766,0.31706395429604733,0.03109216315761928,5.000628073466942,0.0,48.28129646656702,22,321536
114,233472,1693.6248032032006,682.849272445304,128.99213059385633,0.8269652359390628,0.3334224963111836,0.06298443876653141,5.022466222057119,0.0,48.97802874007834,23,321536
115,235520,1746.5144793532704,537.6199910367934,49.223320594082566,0.8527902731217141,0.2625097612484343,0.024034824508829378,5.045266212895513,0.0,49.000575045446986,22,321536
116,237568,1650.4122396671414,567.0866868562556,126.69413888978802,0.8058653513999714,0.27689779631653105,0.06186237250477931,5.013206754112616,0.0,49.84257800704004,20,321536
117,239616,1691.7821275554272,692.8900369912296,144.25896583885705,0.8260654919704234,0.33832521337462385,0.07043894816350442,5.036472260951996,0.0,50.309001144031384,23,321536
118,241664,1751.0140278982685,611.5951868610766,89.7687168182083,0.8549873183097014,0.29863046233451007,0.043832381258890774,5.028480139095336,0.0,51.027724479883126,23,321536
119,243712,1674.50187523791,657.4483180201695,76.77549896762454,0.8176278687685108,0.3210196865332859,0.03748803660528542,5.014111660653725,0.0,51.2425818773085,24,321536
120,245760,1666.4053839244561,595.3427749995333,88.7664690708015,0.8136745038693634,0.29069471435524086,0.0433430024759773,4.997389838797972,0.0,51.53194687540805,21,321536
121,247808,1630.287537951037,494.70884290986965,66.78975745574915,0.7960388368901548,0.2415570522020848,0.032612186257690016,4.9916207254864275,0.0,51.77829483859565,24,321536
122,249856,1669.4286088028757,554.6294170104123,98.13591984822087,0.8151506878920292,0.2708151450246154,0.047917929613389094,4.979770413599908,0.0,52.20671223605796,23,321536
123,251904,1675.3274447170718,624.2813946611541,116.44766712043764,0.8180309788657577,0.30482489973689164,0.05685921246115119,4.9621875586453825,0.0,52.946250479957506,20,321536
124,253952,1617.743763207587,620.0508050962569,55.37062262514086,0.7899139468787046,0.3027591821759067,0.02703643682868206,4.977379885036498,0.0,52.931464812838904,27,321536
125,256000,1643.852908807148,592.272030691219,58.129083741941216,0.8026625531284902,0.2891953274859468,0.028383341670869734,4.973573660943657,0.0,53.11841147755451,19,321536
126,258048,1638.0084073561243,585.255632963284,49.487696824585036,0.7998087926543576,0.28576935203285353,0.024163914465129412,4.978347468422726,0.0,53.120023056346625,23,321536
127,260096,1693.7638127880573,510.50050294551204,92.10077341374009,0.8270331117129186,0.2492678237038633,0.044971080768427776,4.9985493826679885,0.0,53.406894010097,26,321536
128,262144,1746.1790852430622,581.4731122690662,84.26077547275315,0.852626506466339,0.28392241810012997,0.04114295677380525,5.0049024424515665,0.0,53.70835855555565,22,321536
129,264192,1688.037575996169,566.5925449246887,84.0526985930579,0.8242370976543794,0.27665651607650815,0.04104135673489155,5.011772921774536,0.0,53.933420073616595,25,321536
130,266240,1696.8220068931366,634.2121438909533,112.83529892309929,0.8285263705532894,0.3096738983842545,0.055095360802294574,5.022859268588945,0.0,54.52850256045328,23,321536
131,268288,1749.2572230139401,591.2416311087261,94.95433922559732,0.8541295034247754,0.28869220268980766,0.04636442344999869,5.007366415113211,0.0,54.93671047181167,22,321536
132,270336,1668.7437590413997,578.5235763089695,77.08643642473706,0.8148162885944334,0.282482214994614,0.03763986153551614,4.989361413754523,0.0,55.26710591800968,22,321536
133,272384,1706.7010079324584,647.9876699649786,108.28513914855067,0.8333501015295207,0.3164002294750872,0.05287360309987826,4.979489292250946,0.0,55.783777396344426,23,321536
134,274432,1623.5915418853783,656.176554287661,65.31006781648,0.7927693075612199,0.320398708148272,0.031889681551015625,4.99127016030252,0.0,55.95256685828033,22,321536
135,276480,1636.6562277764708,553.0112665432525,89.57064027074874,0.7991485487189799,0.2700250324918225,0.04373566419470153,5.002015230478719,0.0,56.47047727593075,19,321536
136,278528,1639.8868622206971,560.475615911795,59.6144038874922,0.8007260069436998,0.27366973433193115,0.02910859564818955,4.996404627803713,0.0,56.56392496938672,23,321536
137,280576,1709.0870246516088,644.7446580406723,174.20552113286314,0.8345151487556683,0.31481672755892204,0.08506128961565583,5.006137578748167,0.0,57.87427985127226,20,321536
138,282624,1655.6722301396453,593.1082820248002,114.20985697780038,0.8084337061228737,0.289603653332422,0.055766531727441594,5.014852913096547,0.0,58.4937600348004,22,321536
139,284672,1722.2514954464687,641.4771238235642,58.867368425513476,0.840943113010971,0.3132212518669747,0.028743832239020252,4.999863107921556,0.0,58.58071176771743,23,321536
140,286720,1724.2639890283783,548.2279672312959,99.05395698986443,0.8419257758927629,0.2676894371246562,0.04836618993645724,4.99498314387165,0.0,59.056263858502284,22,321536
141,288768,1704.6262420007215,687.5039139081783,85.72622437597097,0.8323370322269148,0.3356952704629777,0.041858507996079576,4.995865746866912,0.0,59.43866013672131,21,321536
142,290816,1689.3308075182072,632.0708127130617,107.4696962457376,0.8248685583584996,0.3086283265200497,0.05247543761998906,5.011085810838267,0.0,59.8168756097254,27,321536
143,292864,1738.258114558887,487.2456292357514,82.96569548806312,0.8487588449994565,0.23791290490026923,0.04051059350003082,5.003810450667515,0.0,60.113378012751554,23,321536
144,294912,1629.949623270003,645.7815558210935,97.03636847570013,0.7958738394873062,0.31532302530326833,0.047381039294775454,4.975447811884806,0.0,60.65880327020373,20,321536
145,296960,1636.8789613332176,517.7401149235736,102.34538551317847,0.7992573053384852,0.2528027904900262,0.049973332770106675,4.98541863122955,0.0,61.208582800167264,21,321536
146,299008,1674.6206312244212,559.8302195259172,71.18740903205742,0.8176858550900494,0.27335459937788925,0.034759477066434286,4.985162106109783,0.0,61.376872781462914,24,321536
147,301056,1641.8605707022734,657.0157541005756,123.59072397746611,0.8016897317882195,0.32080847368192167,0.060347033192122125,4.973883956670761,0.0,62.071296618522105,22,321536
148,303104,1771.7966351679656,567.531375922699,83.54188598641626,0.8651350757656082,0.27711492964975537,0.040791936516804815,5.00875113112852,0.0,62.44638448534909,21,321536
149,305152,1647.7906793297275,599.4482208472166,88.77205643183049,0.8045852926414685,0.292699326585555,0.04334573067960473,4.991523082368076,0.0,62.908124217260074,20,321536
150,307200,1659.142677531487,554.5355880414468,143.74636033837433,0.8101282605134213,0.2707693300983627,0.07018865250897184,4.9922994000371546,0.0,63.734060579943275,23,321536
151,309248,1629.3268257408727,578.685973757447,96.00390703594871,0.7955697391312855,0.2825615106237534,0.04687690773239683,4.988270538626239,0.0,64.18188494387435,22,321536
152,311296,1663.6512615789973,508.6180390023561,60.945596705346475,0.8123297175678698,0.2483486518566192,0.02975859214128246,4.99949900037609,0.0,64.16808062669288,25,321536
153,313344,1668.2824272578505,649.5924100341122,105.01269105184318,0.8145910289344973,0.31718379396196883,0.0512757280526578,4.987971044844016,0.0,64.71914426402031,23,321536
154,315392,1681.2446174380912,583.9985580860217,90.45168398018768,0.820920223358443,0.2851555459404403,0.044165861318451016,5.009402394993231,0.0,64.93842626850268,25,321536
155,317440,1673.0898516443447,546.3365033679947,69.90842186980481,0.8169384041232152,0.2667658707851537,0.03413497161611563,4.988460642751306,0.0,65.22791252324701,23,321536
156,319488,1707.1958060203378,579.0606498145789,120.39408290932947,0.8335917021583681,0.28274445791727487,0.05878617329557103,4.995132102398202,0.0,66.05850174523789,19,321536
157,321536,1704.2169042262258,607.9188221447537,129.5421076700469,0.8321371602667118,0.296835362375368,0.06325298226076509,4.973546379711479,0.0,66.72240551706876,24,321536
158,323584,1652.5320417543412,465.76500193046706,87.98149243025243,0.8069004110128619,0.22742431734886087,0.042959713100709195,4.954859941266477,0.0,67.00044854518755,25,321536
159,325632,1713.7373144690564,636.8216429154115,95.03572422975104,0.836785798080594,0.3109480678297908,0.046404162221558125,4.960099374875426,0.0,67.34229962286706,21,321536
160,327680,1692.1315640723099,651.2012432669007,39.597294005525185,0.8262361152696825,0.3179693570639164,0.019334616213635344,4.94789848732762,0.0,67.36926895151407,24,321536
161,329728,1737.7903494843872,601.0834768727525,100.27628717158562,0.8485304440841734,0.2934977914417737,0.04896303084550079,4.911637010984123,0.0,67.81629823874478,23,321536
162,331776,1700.0091377347755,540.9148844476247,107.65304036519267,0.8300825867845584,0.26411859592169173,0.05256496111581673,4.886684624943882,0.0,68.28846848114989,24,321536
163,333824,1662.4328105188824,636.1687273871901,133.4248761266482,0.8117347707611731,0.3106292614195264,0.06514886529621494,4.896149817155674,0.0,69.07648347317823,22,321536
164,335872,1689.6382540872214,528.4181628915196,77.06825745291373,0.8250186787535261,0.2580166810993748,0.03763098508443053,4.893279328709468,0.0,69.19661731676703,25,321536
165,337920,1623.690810680256,577.7560797237652,47.59061685169385,0.7928177786524687,0.2821074608026197,0.02323760588461614,4.887726902263239,0.0,69.31001070320414,21,321536
166,339968,1701.0666035306824,649.8452308940809,107.37526143006367,0.830598927505216,0.31730724164750046,0.05242932687014828,4.926383133977652,0.0,69.90769381332849,21,321536
167,342016,1631.6842915386667,507.27443982955776,54.29419290566681,0.7967208454778646,0.24769259757302625,0.026510836379720123,4.923575599910691,0.0,69.97633895789336,22,321536
168,344064,1689.4953176737383,566.8131016204684,117.75943965869173,0.82494888558288,0.27676420977561933,0.05749972639584557,4.9181615330744535,0.0,70.72899492717545,20,321536
169,346112,1654.7033747774767,555.9549130548329,48.71220196571976,0.8079606322155648,0.2714623598900551,0.0237852548660741,4.938373688142747,0.0,70.72764086478992,23,321536
170,348160,1650.5710679511094,635.3246693436173,78.89452922256012,0.8059429042730026,0.31021712370293814,0.038522719346953185,4.906157166697085,0.0,70.9887418220291,23,321536
171,350208,1622.697216007491,578.4854021155672,47.48928665548485,0.7923326250036578,0.2824635752517418,0.02318812824974846,4.882108893478289,0.0,70.99552418250141,22,321536
172,352256,1702.8297245117076,619.8552218498276,123.46787619537179,0.8314598264217322,0.3026636825438611,0.06028704892352138,4.864987545879558,0.0,71.6442194612433,23,321536
173,354304,1659.5156492607905,622.8142251317682,90.40645417843622,0.8103103756156204,0.3041085083651212,0.04414377645431456,4.878656023880467,0.0,72.08029488325691,21,321536
174,356352,1688.8488759174463,683.7925500954339,126.23436299576188,0.8246332401940656,0.33388308110128606,0.06163787255652436,4.8491517410147935,0.0,72.70730948091676,24,321536
175,358400,1664.5098352493142,587.5117735911989,107.75021195878612,0.8127489429928292,0.2868709831988276,0.05261240818300104,4.890263256151229,0.0,73.26191843505545,22,321536
176,360448,1665.8019729525708,496.9694193141852,112.81538400174388,0.8133798696057475,0.2426608492745045,0.055085636719601504,4.884761035442352,0.0,73.81798334689623,23,321536
177,362496,1653.9780501564373,550.8257724513428,98.50625738542824,0.8076064698029479,0.2689578967047572,0.048098758488978634,4.900041243759915,0.0,74.18137458728837,23,321536
178,364544,1695.5555671513127,578.3209736616864,85.54526090715203,0.8279079917731019,0.2823832879207453,0.041770146927320326,4.937428571283817,0.0,74.5717935554728,22,321536
179,366592,1688.7324566912985,502.28393794102715,103.60703252778195,0.8245763948687981,0.24525582907276716,0.05058937135145603,4.918817600701004,0.0,75.12903303291313,21,321536
180,368640,1694.6897004247173,733.1262446814796,140.1325135514082,0.8274852052855065,0.35797179916087873,0.06842407888252354,4.895675748353824,0.0,76.0785246921279,21,321536
181,370688,1735.3006951546465,609.317652035437,134.69388592771,0.8473147925559797,0.29751838478292825,0.06576849898813965,4.893096049549058,0.0,77.06299944632524,19,321536
182,372736,1650.6827788909115,571.8155129145157,73.70479848552856,0.8059974506303279,0.27920679341529087,0.03598867113551199,4.8526955540291965,0.0,77.34762703969216,21,321536
183,374784,1666.2603659375802,613.5267603657846,47.65579803379914,0.8136036943054591,0.2995736134598558,0.023269432633690985,4.886624919949099,0.0,77.35592313996732,22,321536
184,376832,1713.2368497625519,509.8997671265744,59.866531033320506,0.836541430548121,0.24897449566727264,0.029231704606113528,4.873077538562939,0.0,77.47522590387449,22,321536
185,378880,1634.8102846467061,472.8219916261306,79.7427318706264,0.7982472093001495,0.2308701130986966,0.0389368807962043,4.901109775295481,0.0,77.77522140266626,22,321536
186,380928,1701.584882055976,587.9047306705638,118.88780205139639,0.8308519931913946,0.28706285677273624,0.058050684595408394,4.8909789002500474,0.0,78.4825477568033,21,321536
187,382976,1645.710820391513,641.867633365692,91.78115832584481,0.8035697365192934,0.3134119303543418,0.04481501871379141,4.885351724922657,0.0,78.85644743216562,22,321536
188,385024,1724.373284042934,641.4760816386583,104.03633625820943,0.8419791425990889,0.31322074298762614,0.050798992313578824,4.887769800145179,0.0,79.41282994386685,22,321536
189,387072,1619.500949505949,524.2113689567309,54.22815043565757,0.7907719480009516,0.25596258249840376,0.026478589079910922,4.866025991272181,0.0,79.45944065078514,23,321536
190,389120,1689.2434430722813,576.3236585613054,140.26360100654858,0.8248258999376373,0.2814080364068874,0.0684880864289788,4.837141094496474,0.0,80.36679301023676,21,321536
191,391168,1734.9025493967042,575.4332627595473,109.50079229154689,0.8471203854476095,0.28097327283181023,0.05346718373610688,4.808664409909397,0.0,80.74106860065203,24,321536
192,393216,1683.9166800992523,451.7911205682389,89.83449802695752,0.822224941454713,0.2206011330899604,0.04386450098972535,4.8211212726309896,0.0,81.3047270932445,21,321536
193,395264,1670.0808790516762,636.284049989167,85.19905771939369,0.8154691792244513,0.31068557128377294,0.0416011024020477,4.815214235102758,0.0,81.62342810286903,22,321536
194,397312,1661.4926077277698,645.7459235368781,67.7994750270641,0.8112756873670751,0.31530562672699125,0.033105212415558645,4.8257828240748495,0.0,81.8765677201759,21,321536
195,399360,1642.5047788847214,688.1634613196006,88.98471549126145,0.8020042865648054,0.33601731509746124,0.04344956811096751,4.855094499886036,0.0,82.19316858863158,24,321536
196,401408,1649.0991782924218,570.1623399487801,81.94365130608051,0.8052242081505966,0.27839958005311527,0.040011548489297125,4.858922545099631,0.0,82.48078365094484,23,321536
197,403456,1657.62580000325,569.5589022545568,83.77470365845542,0.809387597657837,0.2781049327414828,0.04090561702073019,4.854938078438863,0.0,82.85030164769195,21,321536
198,405504,1635.4049346037286,519.6274696356152,77.79170624258771,0.7985375657244769,0.2537243504080152,0.03798423156376353,4.844076217152178,0.0,83.07660059851703,24,321536
199,407552,1699.3821540992858,648.7537356134699,90.43796336284834,0.8297764424312919,0.3167742849675146,0.04415916179826579,4.817149223992601,0.0,83.47382547451083,22,321536
200,409600,1638.7704821300886,623.0631720157432,55.289501366355935,0.8001808994775823,0.30423006446081213,0.026996826839040984,4.822796381311491,0.0,83.56713388069605,21,321536
201,411648,1683.1272860221563,614.8101761673098,61.59274829047715,0.821839495128006,0.30020028133169424,0.030074584126209544,4.807740261545405,0.0,83.66644690002806,22,321536
202,413696,1653.4984705215386,659.1510615121429,54.866245306659565,0.807372300059345,0.321851104253976,0.026790158841142366,4.8345699943602085,0.0,83.64379907460444,27,321536
203,415744,1667.213526668826,590.9257942390614,99.05544551670758,0.8140691048187627,0.2885379854682917,0.04836691675620487,4.839143778895959,0.0,84.16805276166079,22,321536
204,417792,1669.5734015916616,586.9672206357175,105.2156346001787,0.8152213874959285,0.2866050882010339,0.05137482158211851,4.834657698636875,0.0,84.85064733014731,19,321536
205,419840,1626.311508178044,517.723504493693,86.94184786652879,0.7940974161025606,0.25279467992856103,0.04245207415357851,4.8466630291659385,0.0,85.25372650157132,21,321536
206,421888,1706.8071356093922,511.76381853626816,66.4075031389269,0.8334019216842735,0.2498846770196622,0.03242553864205415,4.840468463720754,0.0,85.30972679530086,24,321536
207,423936,1650.178827047537,631.6302239424654,95.64824460347305,0.8057513803943052,0.3084131952844069,0.04670324443528957,4.831993134692311,0.0,85.80550919665863,22,321536
208,425984,1616.0878441879104,676.3090417899575,54.72920197899205,0.7891053926698781,0.3302290243115027,0.026723243153804713,4.861405415693298,0.0,85.90596178793909,22,321536
209,428032,1698.0703376143456,557.400727873666,105.71635483091998,0.8291359070382547,0.2721683241570635,0.05161931388228515,4.870521565200761,0.0,86.32675419928162,25,321536
210,430080,1608.9419653726916,604.1415170796336,97.67001243834781,0.7856161940296346,0.2949909751365398,0.04769043576091202,4.835594208911061,0.0,86.71573254229637,24,321536
211,432128,1625.084820246062,524.7705304678759,87.71548696501881,0.7934984473857725,0.25623561058001754,0.04282982761963809,4.839418439893052,0.0,87.08820763285534,22,321536
212,434176,1649.6831008196632,532.3936378558847,109.49691327447421,0.8055093265721012,0.2599578309843187,0.05346528968480186,4.842061065137386,0.0,87.61541627750246,23,321536
213,436224,1624.344411264573,580.8135589119988,55.938953034325664,0.7931369195627798,0.2836003705624994,0.027313941911291828,4.846290617948398,0.0,87.65663579215035,24,321536
214,438272,1678.4446719170742,637.2757992088818,70.59595687121971,0.8195530624595089,0.31116982383246183,0.03447068206602525,4.804933573817834,0.0,87.90403981123809,21,321536
215,440320,1578.65342460192,527.7917814814502,80.70825394968394,0.7708268674814063,0.2577108308014894,0.03940832712386911,4.799752746010199,0.0,88.21281278347584,22,321536
216,442368,1645.7164267375372,703.9840348225118,96.85966325337552,0.8035724739929381,0.3437422045031796,0.04729475744793726,4.808040652191266,0.0,88.55274953459184,22,321536
217,444416,1676.0201327240654,581.4541951089718,69.81240707884636,0.8183692054316726,0.28391318120555264,0.03408808939396795,4.807720692828298,0.0,88.9138663521054,21,321536
218,446464,1685.3765731755827,644.1225112661872,135.56322903976218,0.82293777987089,0.31451294495419296,0.06619298292957138,4.837173018371686,0.0,89.61862150013192,24,321536
219,448512,1679.7652733384384,548.6675520380221,61.08214302491036,0.8201978873722844,0.2679040781435655,0.02982526514888201,4.844464322319254,0.0,89.69884123215827,23,321536
220,450560,1656.082331750331,531.8152907371989,62.87551680361034,0.8086339510499663,0.2596754349302729,0.03070093593926286,4.826199559727684,0.0,89.93254751990779,20,321536
221,452608,1668.6729218365715,674.7768790394147,56.952110469993976,0.8147817001155134,0.3294808979684642,0.027808647690426746,4.802830719389021,0.0,90.0028448358203,23,321536
222,454656,1658.6029969792014,560.9553767559662,81.85740122203157,0.8098647446187507,0.2739039925566241,0.0399694341904451,4.768307231832296,0.0,90.23673828035687,22,321536
223,456704,1618.7512960577408,608.9611790149968,104.85799115977277,0.7904059062781937,0.2973443256909164,0.051200190995982796,4.79370501334779,0.0,90.85038063922705,22,321536
224,458752,1627.671705996312,491.3308632372764,50.638082897841194,0.7947615751935118,0.23990764806507636,0.02472562641496152,4.77940132888034,0.0,90.88578842008442,22,321536
225,460800,1672.351999534818,633.7466023805687,62.33398729537061,0.8165781247728604,0.30944658319363705,0.03043651723406768,4.788948089117184,0.0,90.96287069052254,24,321536
226,462848,1731.0112299718862,562.218427697736,79.28024571906813,0.8452203271347101,0.2745207166492852,0.03871105748001374,4.809973735129461,0.0,91.2776754385385,22,321536
227,464896,1680.5481563091685,615.2033293719219,100.15169093664352,0.8205801544478362,0.30039225066988373,0.04890219284015797,4.838713660603389,0.0,91.6873344357057,24,321536
228,466944,1618.3235331197056,547.8312403161378,74.4229770795201,0.7901970376561063,0.2674957228106142,0.03633934427710942,4.847740194993094,0.0,91.90955233083147,23,321536
229,468992,1635.106699088727,599.2335039827706,93.37723031739392,0.7983919429144175,0.2925944843665872,0.045594350740915,4.8684730648528785,0.0,92.3739208589304,21,321536
230,471040,1648.2701039707208,615.7454040258351,84.33915784724103,0.8048193867044535,0.3006569355594898,0.04118122941759816,4.859050293453038,0.0,92.68236641290594,23,321536
231,473088,1678.0368295913738,695.2291158675969,88.65382743147418,0.819353920698913,0.33946734173222504,0.043288001675524504,4.867878922028467,0.0,93.14396625991584,20,321536
232,475136,1642.8265066721199,586.9537156155625,94.15937088193739,0.802161380210996,0.28659849395291137,0.04597625531344599,4.8747058033477515,0.0,93.5750221133559,22,321536
233,477184,1724.9482533507348,597.7926743017329,101.25465288344155,0.8422598893314135,0.291890954248893,0.049440748478242945,4.889912147074938,0.0,94.03055892851579,23,321536
234,479232,1639.050945785412,599.2135123394457,92.83974300696228,0.8003178446217832,0.292584722821995,0.0453319057651183,4.888166913297027,0.0,94.31977237049529,26,321536
235,481280,1671.1315569789951,639.821504077806,62.74787613836745,0.81598220555615,0.3124128437879912,0.030638611395687233,4.8804368996061385,0.0,94.43199635391193,23,321536
236,483328,1628.644374346392,624.5086931282228,82.39199712917036,0.7952365109113242,0.30493588531651505,0.040230467348227716,4.864826211472973,0.0,94.73198137038597,23,321536
237,485376,1754.4527893125282,618.6208209848553,105.4195813998555,0.8566664010315079,0.3020609477465114,0.051474404980398195,4.831167235504836,0.0,95.2504509154858,21,321536
238,487424,1665.611112857288,655.3419297466314,95.47023085114701,0.8132866761998476,0.3199911766340974,0.046616323657786625,4.851757063763216,0.0,95.79534082292871,21,321536
239,489472,1687.1353823636673,566.742780459475,78.51489406107389,0.8237965734197594,0.276729873271228,0.038337350615758735,4.845642582280561,0.0,96.08417415981546,22,321536
240,491520,1670.60450906771,641.6705196507509,98.93911653130749,0.8157248579432178,0.3133156834232182,0.048310115493802486,4.840745936380699,0.0,96.45995943664927,23,321536
241,493568,1649.2404048164972,592.1030283362469,77.26778102645812,0.8052931664143053,0.28911280680480805,0.037728408704325256,4.799907692242414,0.0,96.73350604282093,23,321536
242,495616,1617.6363355583703,603.4130123769983,102.01171360140036,0.7898614919718605,0.2946352599497062,0.04981040703193377,4.811869636876509,0.0,97.23107462493854,22,321536
243,497664,1699.9795152915385,526.6284450735723,37.63594168282799,0.8300681227009465,0.2571427954460802,0.018376924649818355,4.813519476447254,0.0,97.18767962472269,22,321536
244,499712,1585.697499930382,618.6788030603088,59.57700856202469,0.7742663573878819,0.3020892593067914,0.029090336211926117,4.792845728574321,0.0,97.22966557924465,22,321536
245,501760,1683.1898049099607,561.0814952432955,80.33645277273166,0.8218700219286917,0.2739655738492654,0.03922678358043538,4.798878677887842,0.0,97.46269806851915,23,321536
246,503808,1718.1441836309075,661.3392036697555,128.9953748215081,0.838937589663529,0.3229195330418728,0.0629860228620645,4.838733686832711,0.0,98.48680700471249,19,321536
247,505856,1624.9446425059375,581.6698878144314,90.78738987653402,0.7934300012236023,0.2840184999093903,0.04432978021315138,4.851257821312174,0.0,98.7827517710522,26,321536
248,507904,1688.2047545495927,610.238084151531,125.17967816853003,0.8243187278074183,0.29796781452711474,0.061122889730727555,4.879535680636764,0.0,99.6225458646238,20,321536
249,509952,1716.410304942534,634.7199426672852,90.47916090314085,0.8380909692102216,0.30992184700551034,0.044179277784736744,4.853388791903853,0.0,99.9843827495202,23,321536
250,512000,1613.8999016888047,519.5370902929877,28.885363584359187,0.7880370613714867,0.2536802198696229,0.014104181437675384,4.846513276454061,0.0,99.79052723089023,25,321536
251,514048,1697.849055440935,590.6023898783458,89.84484396608046,0.829027859102019,0.288380073182786,0.043869552717812725,4.8372249694075435,0.0,100.14684831633393,23,321536
252,516096,1632.3282599281029,626.8257454442814,60.521970542979,0.797035283168019,0.30606725851771555,0.029551743429188964,4.80922557041049,0.0,100.29612331561229,21,321536
253,518144,1687.9976875030056,617.7283115859452,57.288692995442744,0.824217620851077,0.3016251521415748,0.027972994626681028,4.8315372611396015,0.0,100.37134361654387,23,321536
254,520192,1652.1007827801934,641.7622542992399,87.5320331000176,0.8066898353418913,0.3133604757320507,0.04274025053711797,4.805057539138943,0.0,100.75412959916497,21,321536
255,522240,1628.1928827021784,566.4808954805045,80.80655762724155,0.795016056006923,0.2766019997463401,0.039456326966426536,4.814889443106949,0.0,101.05551749955612,23,321536
256,524288,1668.427191342217,612.733900518235,104.02684512268446,0.8146617145225669,0.29918647486241945,0.05079435797006077,4.812388424761593,0.0,101.49746944827366,24,321536
257,526336,1624.7065360233225,654.1421222790648,108.0490991433272,0.793313738292638,0.3194053331440746,0.05275834919107773,4.831577788572758,0.0,102.1015700604291,21,321536
258,528384,1728.7591416521625,621.8085041321419,110.97628345537576,0.844120674634845,0.30361743365827243,0.0541876384059452,4.82841301895678,0.0,102.61349990265647,21,321536
259,530432,1686.0674086361328,712.2495416783418,124.59690523243242,0.8232751018731117,0.3477780965226278,0.06083833263302364,4.831429483136162,0.0,103.43585256977825,22,321536
260,532480,1639.4943710464038,598.8570328531156,109.40689493790933,0.8005343608625018,0.29241066057281034,0.05342133541890104,4.828077324666083,0.0,103.92975741551791,20,321536
261,534528,1655.3070870509875,585.8600553610631,60.14499204049068,0.808255413599115,0.2860644801567691,0.02936767189477084,4.852867140667513,0.0,104.10226175493578,26,321536
262,536576,1635.112624123409,576.8537056191853,37.526224596410685,0.7983948359977583,0.28166684844686785,0.018323351853716155,4.852408414939418,0.0,103.99004186593437,24,321536
263,538624,1695.82188908048,630.6045981917391,104.86110411383592,0.8280380317775782,0.3079124014608101,0.051201710993083946,4.840254311449826,0.0,104.52521633688849,20,321536
264,540672,1676.5727939064477,507.2976334917517,103.55146476248436,0.8186390595246327,0.24770392260339438,0.050562238653556815,4.834734921343625,0.0,105.02529796096653,24,321536
265,542720,1684.833942727146,650.9706800131835,56.8120603765065,0.8226728235972393,0.31785677735018725,0.027740263855716065,4.832875254796818,0.0,105.02509391347192,24,321536
266,544768,1703.0080970429406,583.8249987881534,68.81028492399084,0.8315469223842483,0.285070800189528,0.0335987719355424,4.7957649424206465,0.0,105.163511727706,27,321536
267,546816,1748.0541989391613,608.4564148854726,129.98098230282523,0.8535420893257624,0.29709785883079715,0.06346727651505138,4.785102853551507,0.0,105.92021859406321,22,321536
268,548864,1684.4879085668902,655.1773900839676,121.31908210013803,0.8225038616049268,0.3199108350019373,0.059237833056708024,4.791939735179767,0.0,106.70847098775977,20,321536
269,550912,1741.6649324852585,663.3337223580133,88.13064289829978,0.8504223303150676,0.3238934191201237,0.04303254047768544,4.775683400221169,0.0,107.08472022316676,22,321536
270,552960,1602.0331180873256,647.1516222497188,98.84747027038864,0.782242733441077,0.3159920030516205,0.048265366342963203,4.793917187489569,0.0,107.48351071478183,24,321536
271,555008,1639.6213640090923,574.8214268936982,56.182167063946004,0.8005963691450646,0.2806745248504386,0.027432698761692385,4.783308992162347,0.0,107.5693192607856,22,321536
272,557056,1646.1276999638305,539.4569354893649,99.9411020093116,0.8037732909979641,0.26340670678191647,0.04879936621548418,4.749361524358392,0.0,108.01343389443132,23,321536
273,559104,1715.914563555754,539.3488639505086,68.83565349852533,0.837848907986208,0.2633539374758343,0.03361115893482682,4.726598741719499,0.0,108.14724784893116,23,321536
274,561152,1710.2468184098402,541.7264562523923,97.94534671928318,0.8350814543016798,0.2645148712169884,0.04782487632777499,4.756268978817388,0.0,108.60863717104566,23,321536
275,563200,1638.6045418158853,620.8248031735374,56.03724280266214,0.8000998739335378,0.3031371109245788,0.027361934962237374,4.753135689534247,0.0,108.62412217360155,24,321536
276,565248,1759.165707979905,654.3284354416088,99.10012387936501,0.858967630849563,0.31949630636797305,0.0483887323629712,4.75095082144253,0.0,109.16742977952664,21,321536
277,567296,1702.6648096370543,659.7788442013727,120.90722015014266,0.8313793015805929,0.32215763877020154,0.05903672858893685,4.743237029761076,0.0,109.90558398923888,21,321536
278,569344,1658.3664356426104,521.7661227426445,55.873379418563445,0.8097492361536184,0.2547686146204319,0.027281923544220432,4.736361502902582,0.0,109.98858537483008,22,321536
279,571392,1602.7765411466985,648.9015101822811,86.5368670832836,0.7826057329817864,0.31684644051869193,0.04225432963050957,4.742307664593682,0.0,110.26376088171546,21,321536
280,573440,1622.694759925241,542.2557603047019,87.79287942385194,0.7923314257447466,0.2647733204612802,0.04286761690617771,4.747484688414261,0.0,110.75534775820303,22,321536
281,575488,1639.5256694281645,675.3646051765247,91.70238095319954,0.800549643275471,0.32976787362134996,0.04477655319980446,4.776277542114258,0.0,111.09459583884153,24,321536
282,577536,1687.906660445717,603.1478423652934,69.97526666641878,0.8241731740457603,0.2945057824049284,0.03416761067696229,4.767222398426384,0.0,111.22081170795958,24,321536
283,579584,1648.5015747609814,600.0062441315995,75.82644095614506,0.8049324095512604,0.29297179889238256,0.03702462937311771,4.74795436905697,0.0,111.52008411748947,22,321536
284,581632,1633.2132299271555,489.36602714245583,69.26686804765468,0.7974673974253689,0.23894825544065226,0.03382171291389389,4.776572227710858,0.0,111.69746628190339,23,321536
285,583680,1716.2740508883746,529.1983015074968,127.47842476534642,0.8380244389103392,0.2583976081579574,0.062245324592454306,4.751075746957213,0.0,112.43142262519262,22,321536
286,585728,1707.6156315520811,661.6015760210662,126.72991768669046,0.8337966950937896,0.3230476445415362,0.061879842620454324,4.794784544268623,0.0,113.1084834821199,23,321536
287,587776,1666.9728681445902,485.96890523479783,73.73643772009315,0.8139515957737257,0.23728950450917863,0.03600411998051423,4.79779863730073,0.0,113.38579684262548,21,321536
288,589824,1642.3256823855322,638.986564311617,99.57686751672757,0.8019168371023107,0.31200515835528175,0.048621517342152136,4.788495058659464,0.0,113.79066564462671,24,321536
289,591872,1636.9336850753555,490.01581860975955,93.98124051442592,0.7992840259157009,0.23926553643054665,0.04588927759493453,4.792485235026106,0.0,114.14275957603057,22,321536
290,593920,1576.1887365870793,641.6162228245147,112.81940311481715,0.7696234065366598,0.31328917130103257,0.05508759917715681,4.77645779075101,0.0,114.77909800414912,22,321536
291,595968,1711.6925113890745,631.3136835552752,138.81059080960262,0.8357873590766965,0.30825863454847424,0.06777860879375128,4.7710685771889985,0.0,115.65777067579265,22,321536
292,598016,1661.5356278798856,578.9428313822943,82.01826871546024,0.8112966933007254,0.2826869293858859,0.04004798277122082,4.809724810998887,0.0,115.8889783982115,25,321536
293,600064,1659.2799349199645,673.142915928711,107.21419181633613,0.8101952807226389,0.3286830644183159,0.052350679597820374,4.811769012827426,0.0,116.29725002740867,25,321536
294,602112,1662.2468560236744,638.6819348466448,119.81333241869983,0.8116439726678097,0.3118564134993383,0.058502603720068276,4.790597444865853,0.0,117.03191558718552,21,321536
295,604160,1697.539203502996,654.7577315257419,115.85609653271513,0.8288765642104473,0.31970592359655364,0.05657035963511481,4.793976796558127,0.0,117.72101473189429,21,321536
296,606208,1694.8669435727793,624.494856149635,43.893962767441934,0.8275717497913961,0.30492912897931396,0.021432599007540007,4.7959852300118655,0.0,117.647228006729,25,321536
297,608256,1571.7642897853675,580.5637325811686,103.96089147716933,0.7674630321217615,0.2834783850493987,0.050762154041586585,4.808246610220522,0.0,118.05112113863953,23,321536
298,610304,1701.6230941209155,611.2040667066799,81.68879847710258,0.8308706514262283,0.29843948569662104,0.039887108631397744,4.759780894033611,0.0,118.32988638420123,23,321536
299,612352,1679.917867521481,489.92384343920816,89.27849482978257,0.8202723962507231,0.23922062667930086,0.04359301505360477,4.758106236346066,0.0,118.66407590377823,26,321536
300,614400,1708.1625665126521,513.4632322353804,75.83462593982925,0.8340637531800059,0.2507144688649318,0.03702862594718225,4.708305360749364,0.0,118.81343235012825,23,321536
301,616448,1728.1066779765245,582.8568092871874,141.1125752841438,0.8438020888557248,0.28459805140975947,0.06890262465046083,4.700735563412309,0.0,119.70069645111616,23,321536
302,618496,1689.9326255034036,637.8637597629623,86.38420974494167,0.8251624147965838,0.31145691394675895,0.0421797899145223,4.69222497777082,0.0,120.06106902149261,22,321536
303,620544,1700.1174153015272,578.062376072415,52.08974462294775,0.8301354566901988,0.28225701956660887,0.025434445616673705,4.669416417134926,0.0,120.0890848952569,23,321536
304,622592,1726.212549542084,536.9922277684807,138.80730236844815,0.8428772214560957,0.26220323621507846,0.06777700310959382,4.644100186182186,0.0,120.96589602976563,20,321536
305,624640,1698.4229819733798,520.652699404681,80.44410618111439,0.8293080966666894,0.2542249508811919,0.03927934872124726,4.6332626305520535,0.0,121.35074353308086,22,321536
306,626688,1681.5521166718395,635.2212316252555,79.24178022516358,0.8210703694686716,0.3101666170045193,0.038692275500568155,4.567025669384748,0.0,121.58615327431906,24,321536
307,628736,1680.4186333171344,612.020340704874,99.39344290215253,0.820516910799382,0.29883805698480176,0.048531954542066665,4.5474977577105165,0.0,122.15514927603576,20,321536
308,630784,1593.7042914310143,634.9724327709553,105.80103687709816,0.7781759235503,0.310045133188943,0.051660662537645584,4.544759756652638,0.0,122.65021986505353,23,321536
309,632832,1582.4314382327968,560.8266093887571,77.59246988781702,0.7726716006996078,0.27384111786560406,0.03788694818741065,4.508798602269962,0.0,122.89999856720797,23,321536
310,634880,1646.169639691512,602.6823121659555,139.4862592795512,0.8037937693806211,0.29427847273728297,0.06810852503884336,4.5668606804683805,0.0,123.86992273269865,20,321536
311,636928,1696.4855198146367,509.11814461510096,38.641401135260764,0.8283620702219906,0.24859284405034227,0.018867871648076545,4.61228419910185,0.0,123.75411551447591,25,321536
312,638976,1662.1524965369492,703.8088962965119,71.98608120379485,0.8115978986996822,0.3436566876447812,0.035149453712790456,4.626906394492835,0.0,123.88659586015595,23,321536
313,641024,1704.1377439960766,657.2906864009606,138.27459817811132,0.8320985078105843,0.320942717969219,0.06751689364165592,4.645886895246804,0.0,124.85363381845728,21,321536
314,643072,1671.3919839453183,589.7345557759407,86.3829067941682,0.8161093671608,0.28795632606247107,0.042179153708089945,4.670021540019661,0.0,125.2337850124015,19,321536
315,645120,1627.1391368519437,534.0572539518696,81.4985766341777,0.7945015316659881,0.2607701435311863,0.03979422687215708,4.628222468541935,0.0,125.60361153648526,23,321536
316,647168,1663.992452465592,591.3990087729366,97.00503123654369,0.8124963146804648,0.2887690472524104,0.0473657379084686,4.660562526900321,0.0,126.05724049107413,21,321536
317,649216,1672.9826598002176,688.015347791711,59.62931484728516,0.816886064355575,0.33594499403892136,0.029115876390275956,4.683675283333287,0.0,126.19216963755183,23,321536
318,651264,1653.9045644827263,593.5981277998849,79.15282272089466,0.8075705881263312,0.28984283583978754,0.03864883921918685,4.6886310644913465,0.0,126.4868023258915,22,321536
319,653312,1696.5255430847985,546.9033331080951,78.12834944200814,0.8283816128343743,0.2670426431191871,0.03814860812598054,4.655120376031846,0.0,126.80594341708199,21,321536
320,655360,1724.320101950091,585.5236098517287,61.176071716146346,0.8419531747803178,0.2859002001229144,0.029871128767649583,4.690011971630156,0.0,126.89080558741172,24,321536
321,657408,1682.9544312588857,740.2274615234046,138.5006851683076,0.8217550933881278,0.3614391901969749,0.0676272876798377,4.709821700351313,0.0,127.7249642980006,22,321536
322,659456,1637.1942222979278,609.2266135615398,107.6184521446294,0.7994112413564101,0.2974739324030956,0.052548072336244825,4.690820215037093,0.0,128.32496351016843,21,321536
323,661504,1609.4998673274285,504.27167498891845,68.68168231248562,0.785888607093471,0.24622640380318284,0.03353597769164337,4.707527159713209,0.0,128.47237243546766,24,321536
324,663552,1640.9041720939254,547.0103974242827,104.37771783292015,0.801222740280237,0.26709492061732554,0.050965682535605544,4.707001215545461,0.0,129.14614682745673,19,321536
325,665600,1642.0714242251227,606.234134361869,98.52829182455842,0.8017926876099232,0.29601276091888135,0.04810951749246017,4.6852641112636775,0.0,129.65918327779528,21,321536
326,667648,1683.2610274005897,516.258850473172,83.61526045091065,0.8219047985354442,0.2520795168326035,0.04082776389204622,4.682166578480974,0.0,129.93137976818142,24,321536
327,669696,1666.9911130295663,619.606221253079,103.37033124218118,0.8139605044089679,0.30254210022122996,0.05047379455184628,4.674017903394997,0.0,130.36786076789477,24,321536
328,671744,1632.9749248499097,657.2756953548887,156.08804526375744,0.79735103752437,0.32093539812250427,0.07621486585144406,4.690429204376414,0.0,131.4189921505578,21,321536
329,673792,1709.4531535661724,682.5530538271245,145.88829581178933,0.8346939226397326,0.3332778583140256,0.07123451943935026,4.7133588790893555,0.0,132.29895566363754,21,321536
330,675840,1666.3746321617018,657.5608622057468,79.85291276219914,0.813659488360206,0.3210746397488998,0.03899068005966755,4.709631917998195,0.0,132.808343501252,19,321536
331,677888,1615.2345358826701,542.9726064564161,72.21325033030094,0.78868873822396,0.2651233429962969,0.035260376137842254,4.72104358789511,0.0,133.04958212134454,22,321536
332,679936,1741.4780531158121,657.6360473605343,89.52318132453686,0.8503310806229551,0.3211113512502609,0.043712490881121516,4.725920667871833,0.0,133.40310614034004,23,321536
333,681984,1641.7622289804765,538.76596705424,56.227669098213326,0.8016417133693733,0.26306931985070314,0.027454916551861976,4.723077778471634,0.0,133.42798906582092,25,321536
334,684032,1718.4042819769586,617.1855692933927,97.11564587594209,0.8390645908090618,0.3013601412565394,0.04741974896286235,4.7311916360631585,0.0,133.8805567618474,22,321536
335,686080,1704.997720235103,503.8608816851224,108.71221271130555,0.8325184180835464,0.24602582113531368,0.053082135112942165,4.721178999403492,0.0,134.38848584399653,21,321536
336,688128,1652.7766664504027,724.6105337553524,130.59094951214124,0.8070198566652357,0.3538137371852307,0.06376511206647521,4.759077071677893,0.0,135.31537642659916,21,321536
337,690176,1697.578590472029,590.4375635231445,88.63843914984564,0.8288957961289204,0.2882995915640354,0.043280487866135565,4.754261976107955,0.0,135.62909165887638,24,321536
338,692224,1661.8720418303078,657.2271930328195,58.44063773654681,0.811460957924955,0.3209117153480564,0.028535467644798248,4.735705388709903,0.0,135.76073073382437,21,321536
339,694272,1697.1998221500805,598.870890077812,86.45285305939863,0.828710850659219,0.2924174267958066,0.04221330715790949,4.7463655532337725,0.0,136.24582233872374,19,321536
340,696320,1702.4577085523063,559.1998163210809,62.043337402144246,0.8312781780040558,0.2730467853130278,0.030294598340890745,4.699039949569851,0.0,136.3203581468642,24,321536
341,698368,1674.3887024824858,672.4356901555445,89.09056730013339,0.8175726086340263,0.328337739333762,0.043501253564518255,4.66032504173927,0.0,136.72448332363976,22,321536
342,700416,1670.8705022208776,621.6630830767424,88.22911919564832,0.8158547374125379,0.3035464272835656,0.04308062460725016,4.626278871903196,0.0,137.13982222200778,21,321536
343,702464,1599.820233673487,607.9455754695368,77.08473537029397,0.7811622234733824,0.2968484255222348,0.03763903094252635,4.595856672618538,0.0,137.3315616776653,25,321536
344,704512,1726.3209527303763,689.7234830979675,112.42805217991932,0.8429301527003791,0.3367790444814294,0.05489650985347623,4.6099009439349174,0.0,137.93628068651856,20,321536
345,706560,1607.6324394106027,544.3003773958588,80.22259062520736,0.7849767770559584,0.2657716686503217,0.03917118682871453,4.649046899517998,0.0,138.2912109478165,23,321536
346,708608,1631.293303255757,575.3215066762185,71.04987661182332,0.7965299332303502,0.2809187044317473,0.034692322564366856,4.6116113506723195,0.0,138.43467153340626,25,321536
347,710656,1613.833848719538,532.8366415467926,66.24590073119163,0.788004808945087,0.26017414138026984,0.03234663121640216,4.570337291574106,0.0,138.51708969498029,23,321536
348,712704,1665.9703698337005,569.6501189857645,89.87079458903725,0.8134620946453616,0.2781494721610178,0.04388222392042834,4.605521685443819,0.0,138.9423311598421,23,321536
349,714752,1625.3369653074735,618.485861299788,113.95332670930513,0.7936215650915398,0.3019950494627871,0.055641272807277896,4.619550233939663,0.0,139.5979666467854,21,321536
350,716800,1648.5405836489588,656.5226981061403,74.03638393192905,0.8049514568598432,0.3205677236846388,0.03615057809176223,4.650547503260896,0.0,139.79410696652374,24,321536
351,718848,1663.6211064667436,605.987840830046,84.52211898863334,0.8123149933919647,0.2958925004052959,0.04127056591241862,4.610322952270508,0.0,140.13755143911558,22,321536
352,720896,1676.8854942725638,565.4635471342209,64.8277734838904,0.8187917452502753,0.2761052476241313,0.03165418627143086,4.6514821068849415,0.0,140.27633278123588,23,321536
353,722944,1714.1554649264779,605.8392166225344,77.13094243813096,0.8369899731086318,0.2958199299914719,0.03766159298736863,4.642515180399641,0.0,140.4684418934361,25,321536
354,724992,1625.0444526748472,617.4081618897195,77.70612178042246,0.7934787366576402,0.3014688290477146,0.037942442275596906,4.683062083553523,0.0,140.74992275504422,22,321536
355,727040,1726.5862054134236,655.1760770831238,99.00696772696341,0.8430596706120232,0.31991019388824404,0.04834324596043135,4.689935679081827,0.0,141.2250476707118,22,321536
356,729088,1710.9697970287925,549.7738632744774,63.99525629905442,0.8354344712054651,0.26844426917699094,0.031247683739772665,4.705926895141602,0.0,141.25614248583435,25,321536
357,731136,1652.9135765710487,615.7155066653231,117.48732595434252,0.8070867073100824,0.3006423372389273,0.05736685837614381,4.702304367907345,0.0,142.00639580520726,20,321536
358,733184,1711.0044109078265,713.6051024383571,131.26970607154453,0.8354513725135871,0.34843999142497906,0.06409653616774635,4.722078334540129,0.0,142.96374696143988,20,321536
359,735232,1624.8109382918365,521.2088240224126,84.86743885819959,0.7933647159628108,0.25449649610469366,0.04143917912998027,4.690633302787319,0.0,143.24603719128672,24,321536
360,737280,1748.289864250113,638.476003962959,116.11582032644466,0.8536571602783755,0.3117558613100386,0.05669717789377181,4.613536844030023,0.0,143.92696371947184,21,321536
361,739328,1605.6713013571486,471.65184280145513,64.3102783927091,0.7840191901157952,0.230298751367898,0.03140150312143999,4.647948261583224,0.0,144.1451280760941,20,321536
362,741376,1681.4944199243048,678.0190024024901,130.51038297651152,0.8210421972286644,0.33106396601684085,0.06372577293774977,4.627578739309683,0.0,144.963145677137,21,321536
363,743424,1701.831494128857,512.7024911891565,92.94084917469158,0.830972409242606,0.2503430132759553,0.04538127401107987,4.57098342012614,0.0,145.38312406051116,22,321536
364,745472,1649.2883190521904,519.330584504047,54.76181723488607,0.8053165620372024,0.2535793869648667,0.026739168571721712,4.545273306546733,0.0,145.47972674972905,21,321536
365,747520,1587.640403286369,541.571983257083,126.39871180403115,0.7752150406671724,0.2644394449497476,0.061718120998062086,4.589683523168787,0.0,146.2224359920507,21,321536
366,749568,1713.6604777462028,651.9259882701199,117.3777543964019,0.8367482801495131,0.3183232364600195,0.057313356638868114,4.570936684729531,0.0,146.9515305255997,21,321536
367,751616,1629.8174026793097,606.5344013741484,105.59493682838695,0.7958092786520067,0.2961593756709709,0.051560027748235815,4.525375374127179,0.0,147.48654606946204,22,321536
368,753664,1713.1623406139731,665.4544112373659,89.94734078142574,0.8365050491279166,0.32492891173699506,0.043919599990930536,4.46853971038945,0.0,147.8437584315609,23,321536
369,755712,1602.8350961396497,592.2079604880524,60.018488851045866,0.7826343242869384,0.28916404320705685,0.02930590275929974,4.428732874104753,0.0,147.94071990730865,23,321536
370,757760,1600.435288876142,470.8863002289255,38.41754462525661,0.7814625433965537,0.22992495128365503,0.01875856671155108,4.434111596783623,0.0,147.89995692625638,20,321536
371,759808,1578.2454285710073,584.2014995791939,99.03379000078404,0.7706276506694372,0.28525463846640325,0.04835634277382033,4.357196812983602,0.0,148.37532568077685,22,321536
372,761856,1667.3039776806493,573.4945080187857,125.27388264625233,0.8141132703518795,0.2800266152435477,0.061168888010865397,4.4545993697829545,0.0,149.143471850103,21,321536
373,763904,1650.0224654611807,518.8983091969437,81.81121197206457,0.8056750319634671,0.2533683150375702,0.03994688084573465,4.362936501391232,0.0,149.4299352660335,23,321536
374,765952,1650.6174584338405,682.3043222504593,96.522560551884,0.8059655558758987,0.3331564073488571,0.04713015651947461,4.252973546274006,0.0,149.88247466192763,22,321536
375,768000,1650.4029698654642,571.3426376288062,89.51165721448154,0.8058608251296212,0.2789758972796905,0.04370686387425857,4.355051048332825,0.0,150.17362949233865,25,321536
376,770048,1660.3962681167156,615.0095195466647,140.43276828682005,0.8107403652913651,0.3002976169661449,0.06857068764004885,4.282299988670275,0.0,151.0594634877026,19,321536
377,772096,1660.830433348038,578.528901868057,41.22483496330419,0.8109523600332217,0.2824848153652622,0.020129313946925874,4.391726500354707,0.0,151.13134439167249,23,321536
378,774144,1638.9738929204598,582.0903047023194,62.854980470691004,0.8002802211525682,0.2842237815929294,0.03069090843295459,4.298402789514512,0.0,151.25297101193888,23,321536
379,776192,1626.9843200934088,503.0481043600356,105.60507194295494,0.7944259375456098,0.24562895720704864,0.051564976534645965,4.399717331631109,0.0,151.93966492087569,19,321536
380,778240,1676.2158841505516,563.5344710710656,76.34013404435098,0.8184647871828865,0.27516331595266874,0.03727545607634325,4.3247823745477945,0.0,152.25660750557248,20,321536
381,780288,1637.7894051063154,535.7279016059042,44.66213243640615,0.799701857962068,0.2615858894560079,0.02180768185371394,4.249593732878566,0.0,152.23874877635978,23,321536
382,782336,1705.2916408459093,519.6597545059223,52.66556714543037,0.8326619340067917,0.25374011450484485,0.025715608957729674,4.384373192442581,0.0,152.30380495077884,21,321536
383,784384,1633.5374149816323,529.770926122992,88.06484006165246,0.7976256909090002,0.2586772100209922,0.04300041018635374,4.425404557259753,0.0,152.62906565512486,22,321536
384,786432,1630.7201018914527,558.1481707458466,61.55252256025613,0.7962500497516859,0.27253328649699543,0.030054942656375063,4.473663797369227,0.0,152.84992920266222,21,321536
385,788480,1639.7160906553424,636.7698621821407,82.01848272084028,0.8006426223903039,0.3109227842686234,0.040048087266035294,4.552270893938839,0.0,153.15940882768308,22,321536
386,790528,1663.5603595161394,620.2308319672425,123.31902235923394,0.81228533179499,0.3028470859215051,0.0602143663863447,4.594896307680756,0.0,153.6895102936869,22,321536
387,792576,1683.5663293924752,581.1456720301577,65.4713862448141,0.8220538717736695,0.28376253517097544,0.031968450314850634,4.580636028200388,0.0,154.01008263847038,22,321536
388,794624,1634.0482996939072,559.9722267592329,82.0684126672978,0.7978751463349156,0.27342393884728167,0.04007246712270401,4.621355059789494,0.0,154.29792029274057,24,321536
389,796672,1726.2032725144386,636.2065541350645,86.96029944167283,0.8428726916574407,0.31064773151126196,0.04246108371175431,4.626422882312909,0.0,154.6868102694408,21,321536
390,798720,1670.3924149041256,569.1497679473568,86.48770294299774,0.8156212963399051,0.27790516013054534,0.042230323702635617,4.637260430958122,0.0,155.02705462443285,23,321536
391,800768,1605.0009894560203,563.6572993530586,103.42856173829571,0.7836918893828224,0.27522329069973567,0.050502227411277203,4.588008410297334,0.0,155.48250174694246,23,321536
392,802816,1701.1780655298448,593.6022668181182,93.83952283750693,0.8306533523094946,0.2898448568447843,0.04582007951050143,4.6325864859391,0.0,155.88353109850576,23,321536
393,804864,1736.8336574035084,641.2080709946606,136.13024195396164,0.8480633092790568,0.3130898784153616,0.06646984470408283,4.616724012885243,0.0,156.53978468366674,20,321536
394,806912,1726.9583384623052,575.3658589087553,100.0608295874255,0.8432413762022974,0.28094036079529067,0.04885782694698511,4.55643749749288,0.0,157.28856736610837,22,321536
395,808960,1628.5699801809812,497.8963263019279,35.353142707401176,0.7952001856352447,0.24311344057711323,0.01726227671259823,4.623677731957287,0.0,157.14645408046275,25,321536
396,811008,1674.6475855441024,564.2238912746385,60.764520328614815,0.8176990163789563,0.2754999469114446,0.029670175941706452,4.601626398507506,0.0,157.20763181578684,25,321536
397,813056,1671.8945206148012,590.1317080410029,95.64288434826362,0.8163547463939459,0.28815024806689593,0.046700627123175596,4.6534051932394505,0.0,157.6521741552844,22,321536
398,815104,1683.9516866307458,637.1691449100099,105.43204976126958,0.8222420344876689,0.31111774653809077,0.05148049304749491,4.671900752699003,0.0,158.18496821996513,22,321536
399,817152,1723.0241640261909,609.6717605188036,89.84706384773725,0.8413203925909135,0.29769128931582206,0.04387063664440295,4.6713237694930285,0.0,158.52611240874685,23,321536
400,819200,1696.2335393787382,486.7176454279668,53.82698197400434,0.8282390328997745,0.2376551003066244,0.026282706041994307,4.669366837479174,0.0,158.56497415323074,24,321536
401,821248,1687.7788004358094,610.6433424215004,78.1143037887879,0.8241107424002976,0.29816569454174824,0.03814174989686909,4.684806822100654,0.0,158.8192905414806,23,321536
402,823296,1764.0009684345405,717.4862002980403,126.11262283877345,0.861328597868428,0.3503350587392775,0.06157842912049485,4.6732530617155135,0.0,159.54083050361916,22,321536
403,825344,1660.9296570723477,596.8395109844463,67.86272056472004,0.8110008091173573,0.29142554247287417,0.033136094025742205,4.641631116624922,0.0,159.7060026899206,23,321536
404,827392,1572.6391154382877,664.3417943073001,142.27746842635688,0.7678901930851014,0.3243856417516114,0.06947142013005707,4.673134329728782,0.0,160.70383894687936,20,321536
405,829440,1627.8921041579513,584.8810075817717,80.11073305786148,0.7948691914833746,0.28558642948328694,0.039116568875908926,4.634417535038665,0.0,161.00717991100964,22,321536
406,831488,1690.0622069903782,631.4487908827043,101.88135047572234,0.8252256870070206,0.30832460492319547,0.0497467531619738,4.64512253110297,0.0,161.48499936531474,22,321536
407,833536,1647.6420979315617,594.5959027061199,48.18051643111213,0.8045127431306454,0.2903300306182226,0.02352564278862897,4.643209936097264,0.0,161.52150184646212,22,321536
408,835584,1759.0710232749825,687.6692107519782,129.0084579450891,0.8589213980834876,0.33577598181248935,0.06299241110600054,4.597455975832418,0.0,162.2466847025762,22,321536
409,837632,1643.1773522509006,672.0324549599627,119.54329014548163,0.8023326915287601,0.3281408471484193,0.058370747141348454,4.5964703587815166,0.0,162.88294981365826,23,321536
410,839680,1674.633391490377,652.9587753679064,66.14058051567832,0.8176920856886607,0.3188275270351105,0.032295205329921056,4.636811738600954,0.0,163.0592893910414,22,321536
411,841728,1620.6291332995609,555.4603306536786,108.6848923881789,0.7913228189939262,0.2712208645769915,0.053068795111415476,4.656159394886345,0.0,163.46131507152325,23,321536
412,843776,1611.8412080782261,567.998905969906,80.43278289727944,0.7870318398819464,0.27734321580561816,0.039273819774062226,4.635626315604895,0.0,163.89107485230923,22,321536
413,845824,1718.6269420132899,610.134205723576,73.90958103755185,0.8391733115299267,0.29791709263846483,0.03608866261599211,4.622961513930932,0.0,164.1197430005444,21,321536
414,847872,1702.6079213115947,630.283262947971,119.02579600417182,0.8313515240779271,0.307755499486314,0.05811806445516202,4.585819241590798,0.0,164.91597525006924,20,321536
415,849920,1700.664599501066,646.2080765664475,126.28312459455792,0.8304026364751299,0.3155312873859607,0.061661681930936484,4.58252763771452,0.0,165.65897085477908,22,321536
416,851968,1693.8300230168657,601.8749768495284,107.23981027842581,0.8270654409262039,0.2938842660398088,0.0523631886125126,4.59350300161168,0.0,166.16655251685188,23,321536
417,854016,1686.7215041252673,605.2623232935038,119.10625968399,0.8235944844361657,0.29553824379565613,0.058157353361323244,4.6319589607883245,0.0,166.67620617766462,25,321536
418,856064,1755.5085564012043,561.1067077058576,93.18223823619287,0.8571819123052755,0.2739778846220008,0.04549913976376605,4.662121772067621,0.0,167.20591261941465,20,321536
419,858112,1692.188210652225,618.2249510564382,89.00354445593757,0.8262637747325318,0.30186765188302644,0.04345876194137577,4.651359080104157,0.0,167.5226703959093,24,321536
420,860160,1774.9198495761295,651.0827279408985,137.94287681361092,0.8666600828008445,0.31791148825239185,0.06735492031914596,4.6339798017870635,0.0,168.16031834480512,21,321536
421,862208,1644.0628898852144,569.7875077382653,69.89038882467403,0.8027650829517649,0.27821655651282484,0.03412616641829787,4.650882243877277,0.0,168.61048624602046,22,321536
422,864256,1656.2433155678295,500.51153214657415,67.37928132917442,0.8087125564296043,0.2443903965559444,0.032900039711510946,4.665160649688914,0.0,168.72458206934903,25,321536
423,866304,1686.8580454440062,670.0987335460895,100.38721906386999,0.8236611550019561,0.32719664723930153,0.04901719680853027,4.638333797687665,0.0,169.0655684531813,22,321536
424,868352,1655.9067010526487,532.3301330117483,64.76772807624349,0.8085481938733636,0.25992682275964274,0.031624867224728265,4.630403040442616,0.0,169.20484654818978,23,321536
425,870400,1652.133336974316,556.0831679268904,33.66143243409082,0.8067057309444903,0.27152498433930194,0.016436246305708408,4.6514291716739535,0.0,169.1937996176134,23,321536
426,872448,1709.4752387682515,623.2807703398523,135.49968145847293,0.8347047064298103,0.304336313642506,0.06616195383714499,4.648470878833905,0.0,169.9153771037902,24,321536
427,874496,1616.360342063232,606.3923263375589,140.1199060391229,0.7892384482730626,0.29609000309451117,0.06841792287066548,4.658008581958711,0.0,170.74889358107217,22,321536
428,876544,1686.4569167235072,623.4562913403249,103.8713727463642,0.8234652913689,0.30442201725601803,0.050718443723810645,4.637788770953193,0.0,171.3293002897763,21,321536
429,878592,1623.6841078904977,639.3783316947364,81.71759039488867,0.7928145058059071,0.3121964510228205,0.039901167185004235,4.614710327936336,0.0,171.5581025856306,25,321536
430,880640,1734.8653150275222,616.7829432034721,170.9268242108654,0.8471022046032823,0.30116354648607035,0.08346036338421162,4.615618703654036,0.0,172.55755436008297,24,321536
431,882688,1742.6357379660678,655.5696375991024,136.46634830696837,0.8508963564287441,0.3201023621089367,0.0666339591342619,4.6125640901736915,0.0,173.43229544046355,21,321536
432,884736,1689.462190428188,594.8355568065996,75.34668133471477,0.8249327101700137,0.29044704922197245,0.0367903717454662,4.614912037504837,0.0,173.63524602428134,24,321536
433,886784,1636.7021750781992,605.767890958821,129.25000811206073,0.7991709839249019,0.2957851030072368,0.06311035552346715,4.641207694076002,0.0,174.37005678630516,22,321536
434,888832,1632.2808640481953,558.0131690466544,96.31313986942953,0.7970121406485329,0.2724673676985617,0.04702790032686989,4.667544365627691,0.0,174.72904425624304,25,321536
435,890880,1689.8146416334127,574.9579003885249,88.8078310859899,0.8251048054850648,0.2807411622990844,0.04336319877245601,4.688053131103516,0.0,175.0763478383816,23,321536
436,892928,1662.7699504017812,673.4384911236878,53.64014428779547,0.8118993898446197,0.32882738824398816,0.026191476703025133,4.684897423256189,0.0,175.05947181173786,22,321536
437,894976,1669.7067232536754,540.2437488855621,72.49810523001989,0.8152864859637087,0.2637908930105284,0.03539946544434565,4.658029553014785,0.0,175.259544041703,26,321536
438,897024,1730.9036212087844,544.5970481558525,127.35245553295994,0.8451677837933518,0.26591652741984984,0.062183816178203094,4.644842147827148,0.0,175.99235521015237,22,321536
439,899072,1622.912605818504,561.2140415275701,50.09051415257437,0.7924377958098164,0.27403029371463383,0.024458258863561705,4.65046214312315,0.0,175.95272843017503,26,321536
440,901120,1680.4213612987473,673.4821464743388,101.65116636375483,0.820518242821654,0.32884870433317326,0.04963435857605216,4.618098736973479,0.0,176.41171318864198,23,321536
441,903168,1682.02768152877,632.2904786773418,103.92759216296781,0.8213025788714697,0.3087355852916708,0.05074589461082413,4.602292057825252,0.0,176.8904929540586,23,321536
442,905216,1720.0546016544288,598.162661962652,74.67102239707332,0.8398704109640766,0.2920716122864512,0.036460460154820955,4.6237716663163155,0.0,177.03994700673127,26,321536
443,907264,1669.739398532485,609.4242420750184,116.15060030485535,0.8153024406896899,0.29757043070069256,0.05671416030510515,4.631573197199032,0.0,177.6709231276524,22,321536
444,909312,1700.7725671625765,630.3466543500876,103.53171483204163,0.8304553550598518,0.30778645231937873,0.05055259513283283,4.650442121783271,0.0,178.18718210791158,22,321536
445,911360,1667.0517685212064,610.1585844968665,91.68029292244245,0.8139901213482453,0.2979289963363606,0.04476576802853635,4.634568214416504,0.0,178.62824257775006,20,321536
446,913408,1731.2612475405108,594.8610392168025,75.33288856781027,0.84534240602564,0.29045949180507935,0.03678363699600111,4.652461055200547,0.0,179.00743706820447,20,321536
447,915456,1713.2400916199979,651.9866283547894,53.293685490283615,0.8365430134863271,0.31835284587636203,0.026022307368302546,4.670178888598457,0.0,179.0088481248219,25,321536
448,917504,1615.764025918399,597.3526450373079,120.6907999988378,0.7889472782804683,0.291676096209623,0.05893105468693252,4.663702011108398,0.0,179.79701488690347,19,321536
449,919552,1643.705313715214,582.8790468955916,105.93781867543461,0.8025904852125069,0.2846089096169881,0.05172745052511456,4.6317267410922796,0.0,180.2668234529144,21,321536
450,921600,1659.0588131247123,598.7527505520264,77.2381028168441,0.8100873110960509,0.29235974148048166,0.03771391739103716,4.621308326721191,0.0,180.66513106214222,23,321536
451,923648,1644.8878280536833,540.9062417859426,98.78588190316526,0.8031678847918375,0.2641143758720423,0.04823529389802991,4.617669105529785,0.0,181.02172905674863,25,321536
452,925696,1664.915974750851,545.2995274813429,59.54708144298726,0.812947253296314,0.2662595349029995,0.029075723360833625,4.635134699055925,0.0,181.07467467881875,23,321536
453,927744,1609.7245865645486,560.3498790365701,127.20656853920529,0.785998333283471,0.27360833937332524,0.062112582294533834,4.6256732903420925,0.0,181.95350017331097,20,321536
454,929792,1669.3919443697828,578.0810605700917,118.33843997642904,0.815132785336808,0.2822661428564901,0.057782441394740744,4.633228302933276,0.0,182.5728020628055,23,321536
455,931840,1634.2619251994051,513.0384012940834,52.40725026138675,0.797979455663772,0.2505070318818767,0.02558947766669275,4.607693672180176,0.0,182.58044742145518,23,321536
456,933888,1673.6806686192851,622.9213213563919,47.72051936982588,0.8172268889742603,0.30416080144355073,0.023301034848547793,4.6469526290893555,0.0,182.61033140002476,21,321536
457,935936,1665.9619718760985,559.2126665073235,80.61054221386331,0.8134579940801262,0.2730530598180291,0.039360616315362945,4.638866422697902,0.0,182.87553669743784,22,321536
458,937984,1681.4082676838188,532.9968755803467,79.32257920429237,0.8210001307049897,0.26025238065446615,0.03873172812709588,4.642401217948645,0.0,183.25392371279105,21,321536
459,940032,1608.776464791064,617.7131623219844,71.97714908581654,0.7855353831987617,0.30161775504003147,0.035145092327058855,4.623862266540527,0.0,183.48146177043122,23,321536
460,942080,1550.245129234393,602.9378537550762,102.92544705051998,0.756955629508981,0.2944032489038458,0.05025656594263671,4.642914772266522,0.0,184.06750509154188,20,321536
461,944128,1680.8311147848528,668.5426700373393,137.01635946755513,0.8207183177660414,0.3264368506041696,0.06690251927126716,4.6661791789811105,0.0,184.96488696591825,21,321536
462,946176,1603.4304085078022,646.5756832766026,120.0776536804648,0.7829250041542003,0.3157107828499036,0.058631666836164456,4.667337894439697,0.0,185.6418254885697,21,321536
463,948224,1629.7902973984087,543.7410803571097,92.03706808368854,0.7957960436515668,0.26549857439311997,0.044939974650238544,4.6587514884304255,0.0,186.05530133968875,23,321536
464,950272,1601.6282580230222,567.6943051384836,114.5804602396374,0.7820450478628038,0.2771944849309002,0.05594749035138545,4.6501898765563965,0.0,186.67200346001698,22,321536
465,952320,1714.0378757833507,555.9141617462618,56.41453435760184,0.8369325565348392,0.2714424617901669,0.027546159354297772,4.644177436828613,0.0,186.7048421141085,24,321536
466,954368,1705.6570828827894,649.1291179600807,84.61537095781495,0.832840372501362,0.3169575771289457,0.04131609910049558,4.646855352446437,0.0,187.09987183487848,21,321536
467,956416,1681.7944953273843,487.58212765353596,46.423873313691416,0.8211887184215744,0.2380772107683281,0.022667906891450887,4.654933929443359,0.0,187.07727108116035,23,321536
468,958464,1627.0115669662248,698.0908052428988,54.873772978282815,0.794439241682727,0.3408646509975092,0.026793834462052156,4.6261491775512695,0.0,187.14979892406495,21,321536
469,960512,1614.447323206204,540.4784999219995,72.8649537558156,0.7883043570342793,0.2639055175400388,0.03557859070108184,4.665835380554199,0.0,187.38277188122387,23,321536
470,962560,1754.1888352993046,601.832879270874,116.16880053238955,0.8565375172359886,0.2938637105814814,0.05672304713495584,4.655827520182356,0.0,187.88718385817816,25,321536
471,964608,1615.7586718159087,567.6439354420486,100.18249249533858,0.7889446639726116,0.2771698903525628,0.04891723266373954,4.662491798400879,0.0,188.29709953500117,24,321536
472,966656,1662.2430360677067,680.2559894920903,120.42984081444568,0.8116421074549349,0.3321562448691847,0.058803633210178556,4.664948938880116,0.0,189.01911197259582,21,321536
473,968704,1684.7490842297252,559.5975480660641,123.37119935180881,0.8226313887840455,0.27324099026663284,0.0602398434335004,4.646791458129883,0.0,189.66696658313282,23,321536
474,970752,1748.5865655952232,616.115159711471,142.1602583030867,0.8538020339820426,0.3008374803278667,0.06941418862455405,4.662315368652344,0.0,190.5343941404015,22,321536
475,972800,1639.464129412678,581.1089362183516,141.58530192307512,0.8005195944397842,0.283744597762867,0.06913344820462652,4.673883915646002,0.0,191.25417948205944,23,321536
476,974848,1657.4173929786782,567.0285280758494,102.58841697372253,0.8092858364153702,0.27686939847453584,0.050092000475450454,4.632884977618232,0.0,191.9545459094154,20,321536
477,976896,1693.8080768873617,579.9937290532198,108.87730893113655,0.8270547250426571,0.2832000630142675,0.05316274850153152,4.629751681583002,0.0,192.43691838987004,24,321536
478,978944,1685.8508484216795,604.3528981197453,82.11788917844066,0.8231693595808982,0.2950941885350319,0.04009662557541048,4.63323450088501,0.0,192.72604856411687,23,321536
479,980992,1649.2985355327958,586.7582719649834,150.79533978756754,0.8053215505531229,0.286503062482902,0.07363053700564821,4.620387077564374,0.0,193.73725623002696,21,321536
480,983040,1653.4591729644608,634.7372403264096,87.40921001843016,0.8073531117990531,0.3099302931281297,0.0426802783293116,4.6046013832092285,0.0,194.0642651954655,22,321536
481,985088,1666.5626084773958,626.8221282568732,109.60066563939588,0.8137512736706034,0.30606549231292635,0.05351595001923627,4.603518009185791,0.0,194.57883611613596,22,321536
482,987136,1647.5172236042672,608.0431372172831,104.25006928865388,0.8044517693380211,0.2968960630943765,0.050903354144850525,4.591036796569824,0.0,195.2011677203532,22,321536
483,989184,1676.5772840838513,577.1148125365895,74.2797604278525,0.818641251994068,0.2817943420588816,0.03626941427141235,4.612265586853027,0.0,195.37898071617482,23,321536
484,991232,1811.4629659089082,615.8697617024268,176.00162185367566,0.8845034013227091,0.3007176570812631,0.08593829192074007,4.613961219787598,0.0,196.67751818050797,21,321536
485,993280,1610.8378145307445,544.9723880038266,67.9086649022976,0.7865419016263401,0.26609979882999346,0.033158527784325,4.632596015930176,0.0,196.86993125231496,22,321536
486,995328,1654.6650335639831,582.8600260241078,93.00776952975875,0.8079419109199136,0.2845996220820839,0.04541394996570251,4.6266279220581055,0.0,197.2905180025534,22,321536
487,997376,1716.3500725384936,699.3169403995682,92.78718304279987,0.8380615588566863,0.3414633498044767,0.04530624172011712,4.586160659790039,0.0,197.70909942109222,22,321536
488,999424,1629.0410104874109,531.0835791021307,77.99407597766415,0.7954301809020561,0.25931815385846224,0.038083044910968825,4.579861640930176,0.0,198.02696171738418,21,321536
489,1000000,460.01946584303903,150.08266921015687,7.960304374140449,0.7986449059774983,0.2605601896009668,0.013819972871771613,4.549725532531738,0.0,197.82946055791194,7,321536
